143441;USA
143444;UK
143538;Anguilla
143540;Antigua and Barbuda
143505;Argentina
143524;Armenia
143460;Australia
143445;Austria
143568;Azerbaijan
143539;Bahamas
143559;Bahrain
143541;Barbados
143565;Belarus
143446;Belgium
143555;Belize
143542;Bermuda
143556;Bolivia
143525;Botswana
143503;Brazil
143543;British Virgin Islands
143560;Brunei
143526;Bulgaria
143578;Burkina-Faso
143579;Cambodia
143455;Canada
143580;Cape Verde
143544;Cayman Islands
143483;Chile
143501;Colombia
143495;Costa Rica
143557;Cyprus
143489;Czech Republic
143458;Denmark
143545;Dominica
143508;Dominican Republic
143509;Ecuador
143516;Egypt
143506;El Salvador
143518;Estonia
143583;Fiji
143447;Finland
143442;France
143584;Gambia
143443;Germany
143573;Ghana
143448;Greece
143546;Grenada
143504;Guatemala
143585;Guinea-Bissau
143510;Honduras
143463;Hong Kong
143482;Hungary
143467;India
143476;Indonesia
143449;Ireland
143491;Israel
143450;Italy
143462;Japan
143528;Jordan
143517;Kazakhstan
143529;Kenya
143586;Kyrgyzstan
143587;Laos
143519;Latvia
143497;Lebanon
143520;Lithuania
143451;Luxembourg
143515;Macau
143473;Malaysia
143521;Malta
143533;Mauritius
143468;Mexico
143591;Micronesia
143523;Moldova
143592;Mongolia
143593;Mozambique
143594;Namibia
143484;Nepal
143452;Netherlands
143461;New Zealand
143512;Nicaragua
143534;Niger
143561;Nigeria
143457;Norway
143562;Oman
143485;Panama
143597;Papua New Guinea
143513;Paraguay
143507;Peru
143474;Philippines
143478;Poland
143453;Portugal
143498;Qatar
143487;Romania
143469;Russia
143548;Saint Kitts and Nevis
143479;Saudi Arabia
143464;Singapore
143496;Slovakia
143499;Slovenia
143472;South Africa
143454;Spain
143486;Sri Lanka
143602;Swaziland
143456;Sweden
143459;Switzerland
143470;Taiwan
143603;Tajikistan
143475;Thailand
143551;Trinidad and Tobago
143480;Turkey
143604;Turkmenistan
143537;Uganda
143492;Ukraine
143481;UAE
143566;Uzbekistan
143502;Venezuela
143471;Vietnam
143605;Zimbabwe